problem-id,NLI Premise,NLI Hypothesis,Gold Label
nluds-0001-nn,7 red apples and 2 green apples are in the basket.,There are 9 apples in the basket.,entailment
nluds-0002-nn,Ellen has 6 more balls than Marin. Marin has 9 balls.,Ellen has 15 balls.,entailment
nluds-0003-nn,Janet has 9 oranges and Sharon has 7 oranges.,Janet and Sharon have 16 oranges together.,entailment
nluds-0006-nn,Brian has 4 more plums than Paul. Paul has 7 plums.,Brian has 11 plums.,entailment
nluds-0009-nn,14 red plums and 4 green plums are in the basket.,There are 18 plums in the basket.,entailment
nluds-0010-nn,Marin has 9 apples and Donald has 2 apples.,Marin and Donald have 11 apples together.,entailment
nluds-0014-nn,2 marbles are in the basket. 2 marbles are taken out of the basket.,There are 0 marbles in the basket now.,entailment
nluds-0016-nn,Some oranges were in the basket. 5 oranges were taken from the basket. Now there are 3 oranges.,There were 8 oranges in the basket before some of the oranges were taken.,entailment
nluds-0017-nn,Jake has 6 fewer peaches than Steven. Steven has 13 peaches.,Jake has 7 peaches.,entailment
nluds-0018-nn,David has 0 fewer apples than Marin. Marin has 3 apples.,David has 3 apples.,entailment
nluds-0020-nn,Brian has 0 fewer oranges than Marcie. Marcie has 12 oranges.,Brian has 12 oranges.,entailment
nluds-0040-nn,Mrs. Hilt saw 3 bugs eat 2 flowers each.,The bugs ate 6 flowers in total.,entailment
nluds-0068-nn,There are 12 birds on the fence. 8 more birds land on the fence.,There are 20 birds on the fence.,entailment
nluds-0070-nn,13 ducks are swimming in a lake. 20 more ducks come to join them.,33 ducks are swimming in the lake.,entailment
nluds-0072-nn,"Bobby ate 26 pieces of candy. Then, he ate 17 more.",Bobby ate 43 pieces of candy.,entailment
nluds-0073-nn,Sandy had 26 pet fish. She bought 6 more fish.,Sandy has 32 pet fish now.,entailment
nluds-0074-nn,The clown blew up 47 balloons. Then he blew up 13 more balloons.,The clown has 60 balloons now.,entailment
nluds-0075-nn,Our class got 54 books from the library. Then we got 23 more books from the library.,Our class got 77 books from the library.,entailment
nluds-0130-nn,Each CD rack holds 8 CDs. A shelf can hold 4 racks.,There can be 32 CDs on the shelf in total.,entailment
nluds-0136-nn,There are 64 pigs in the barn. Some more come to join them. Now there are 86 pigs.,There are 22 pigs in total.,entailment
nluds-0137-nn,"Rosa had 67 flowers. Andre gave her some more flowers. Now, Rosa has 90 flowers.",Andre gave Rosa 23 flowers.,entailment
nluds-0140-nn,Hugo had 79 stickers in his sticker book. He got some more to add to his book and now he has 1 hundred twenty stickers.,Hugo added 41 stickers to his book.,entailment
nluds-0161-nn,The Hawks scored 3 touchdowns worth 7 points each.,The Hawks have 21 points.,entailment
nluds-0194-nn,Adi bought a pencil for 35 cents. He paid with a one dollar bill.,Adi will get 65 dollars in change.,entailment
nluds-0387-nn,If each bus have 9 rows of seats and each row of seats can accommodate 4 children.,Each bus can accommodate 36 children.,entailment
nluds-0476-nn,"Haley loves to collect things. This year, she decided to give away part of her collection as it was taking too much space in her room. 9 of her closest friends like stickers. Haley has 72 stickers. She plans to give all of them an equal number of stickers.",Each of Haley's friend will receive 8 stickers.,entailment
nluds-0490-nn,"For dessert, Jane's mom prepared 12 pieces of bite size cinnamon swirls. The 3 of them ate an equal number of pieces of cinnamon swirls.",Jane ate 4 pieces.,entailment
nluds-0540-nn,This year on your 11th birthday your mother tells you that she is exactly 3 times as old as you are.,She is 33 years old.,entailment
nluds-0619-nn,Tyler had 15 dogs. Each dog had 5 puppies.,Tyler now has 75 puppies.,entailment
nluds-1365-nn,There are 38 dogwood trees currently in the park. Park workers will plant more dogwood trees today. When the workers are finished there will be 56 dogwood trees in the park.,The workers planted 18 dogwood trees today.,entailment
nluds-1369-nn,"Sam received 87 dollars for his birthday. He went to a sporting goods store and bought a baseball glove, baseball, and bat. He had 23 dollars left over.",Sam spent 64 dollars on the baseball gear.,entailment
nluds-1372-nn,There were 8 red roses and 2 white roses in the vase. Melanie cut some more roses from her flower garden. There are now 14 red roses in the vase.,Melanie cut 6 red roses.,entailment
nluds-1374-nn,"Mike found 62 seashells on the beach, he gave Tom some of his seashells. He has 13 seashell left.",Mike gave 49 seashells to Tom.,entailment
nluds-1377-nn,There were 47 bales of hay in the barn and 40 bales in the shed. Benny stacked more bales in the barn today. There are now 82 bales of hay in the barn.,Benny stored 35 bales in the barn.,entailment
nluds-1381-nn,There are 33 rose bushes and 37 oak trees currently in the park. Park workers will plant more rose bushes today. When the workers are finished there will be 98 rose bushes in the park.,The workers planted 65 rose bushes today.,entailment
nluds-1382-nn,Dan's high school played 18 baseball games this year and 2 were at night. The team won most of their games. They were defeated during 3 games.,They won 15 games.,entailment
nluds-1556-nn,An industrial machine can make 3 hundred 61 crayons a day. Each box of crayons has 4 crayons in it.,The machine makes 90 full boxes a day.,entailment
nluds-1718-nn,A mailman has to give 28 pieces of junk mail to each block. There are 4 houses on a block.,A mailman should give each house 7 pieces of junk mail.,entailment
nluds-1719-nn,Billy bought 5 boxes of books at a yard sale. Each box had 7 books.,Billy bought 35 books.,entailment
nluds-1720-nn,At the fair the 'Twirly Tea Cups' ride can hold 9 people per teacup. The ride has 7 tea cups.,A total of 63 people can ride at a time.,entailment
nluds-1721-nn,Mike played 6 games of basketball with his friends. Mike scored 4 points each game.,Mike scored 24 points in total.,entailment
nluds-1722-nn,Emily was selling some of her old toys at a garage sale. She started out with 7 toys and sold 3 of them.,Emily has 4 toys left.,entailment
nluds-1723-nn,Adam had to wash 14 loads of clothes. By noon he had only washed 8 loads.,Adam still needs to wash 6 loads of clothes.,entailment
nluds-1725-nn,At the state fair Paul bought 11 tickets. He spent 3 tickets on the Ferris wheel.,Paul had 8 tickets left.,entailment
nluds-1726-nn,Cody had 9 old video games he wanted to get rid of. He gave his friend 4 of the games.,Cody still has 5 video games.,entailment
nluds-1727-nn,Victor bought several boxes of books at a yard sale and ended up with 24 books total. Each box had 3 books.,Victor bought 8 boxes.,entailment
nluds-1729-nn,Paul was packing up his old toys. He managed to squeeze 8 toys into a box. Paul filled up 4 boxes.,Paul packed 32 toys in total.,entailment
nluds-1731-nn,Each table in a break room can seat 8 people. The break room has 4 tables.,32 people can sit in there.,entailment
nluds-1732-nn,Adam could fit 9 action figures on each shelf in his room. His room has 3 shelves.,His shelves could hold a total of 27 action figures.,entailment
nluds-1733-nn,Ned mowed his lawn 6 times in the spring and 5 times in the summer.,Ned mowed a total of 11 times.,entailment
nluds-1734-nn,Billy was making ice using ice trays. Each tray held 9 ice cubes. He had 8 trays.,Billy could make 72 cubes.,entailment
nluds-1735-nn,Frank had 42 pieces of candy. He put them into bags with 7 pieces in each bag.,Frank would have 6 bags.,entailment
nluds-1736-nn,For Gwen's birthday she received 5 dollars. She spent 3 dollars.,Gwen still has 2 dollars.,entailment
nluds-1738-nn,Emily is making bead necklaces for her friends. She has 28 beads and each necklace takes 7 beads.,Emily can make 4 necklaces.,entailment
nluds-1739-nn,Oliver bought 8 boxes of candy. Later he bought 6 more boxes.,Oliver had 14 boxes in total.,entailment
nluds-1741-nn,Tiffany was collecting cans for recycling. On Monday she had 4 bags of cans. The next day she found 8 more bags worth.,Tiffany had 12 bags in total.,entailment
nluds-1743-nn,Lana's mom was buying extra school supplies for her and her siblings. She bought 3 packs of glue sticks with 7 glue sticks in each pack.,Lana got 21 glue sticks in total.,entailment
nluds-1744-nn,Maria was placing her spare change into stacks. Each stack had 3 coins. She had 5 stacks.,Maria has 15 coins.,entailment
nluds-1745-nn,A chef used 5 potatoes to make fries for the lunch crowd. Later he used another 2 potatoes for the dinner crowd.,A chef used a total of 7 potatoes.,entailment
nluds-1746-nn,Dave was making ice using ice trays. He originally had 2 ice cubes. But made 7 more cubes.,Dave had 9 ice cubes in total.,entailment
nluds-1747-nn,On the last day of school only 16 students showed up. 7 of them were checked out early.,9 students were left.,entailment
nluds-1748-nn,Jerry was playing the ring toss at the carnival. All together he used 48 rings. Each game you get 6 rings.,Jerry played 8 games.,entailment
nluds-1749-nn,Tom read 3 chapters of a book. Each chapter was 8 pages.,Tom read 24 pages.,entailment
nluds-1751-nn,The roller coaster at the state fair costs 5 tickets per ride. You had 10 tickets.,You can ride it 2 times.,entailment
nluds-1753-nn,Will went to the state fair and rode the Ferris wheel 13 times. He rode it 7 times during the day.,Will rode it 6 times at night.,entailment
nluds-1754-nn,"Tiffany was buying sodas for her and her friends. They needed 9 sodas, but Tiffany bought 7 extra.",Tiffany bought 16 sodas.,entailment
nluds-1758-nn,Larry's Lawn Care charges 9 bucks to trim a hedge. Henry has 3 hedges.,Larry would spend 27 bucks.,entailment
nluds-1759-nn,Maria was buying DVDs of her old favorite TV series. She bought 8 DVDs at the store and she bought 2 online.,Maria bought 10 DVDs.,entailment
nluds-1762-nn,Tiffany was sending out birthday invitations to her friends. She sent out 9 on Monday and 8 on Tuesday.,Tiffany sent 17 birthday invitations in total.,entailment
nluds-1763-nn,A delivery driver had to make 3 more stops on his route. At each stop he had to drop off 9 boxes.,A delivery driver has 27 boxes.,entailment
nluds-1768-nn,"A chef had 5 potatoes to make fries with, but he only used 3 of them.",A chef still has 2 potatoes.,entailment
nluds-1839-nn,A pet store took 10 birds out of a cage and had 9 still left inside.,There were 19 birds in the cage to start with.,entailment
nluds-1843-nn,Sarah could send 10 text messages a day. She sent eight.,Sarah has 2 text messages left she can send.,entailment
nluds-1844-nn,"Debby had 12 pieces of candy. After eating some, she had 3 pieces.",Debby ate 9 pieces.,entailment
nluds-1846-nn,Robin's hair was 15 inches long. She cut off 5 inches.,Her hair is 10 inches now.,entailment
nluds-1851-nn,Ned ordered some pizzas for a party. During the party 4 were eaten. Now he has 7 left.,Ned ordered 11 pizzas for the party.,entailment
nluds-1852-nn,A baker sold 12 cakes. Now he has 3 cakes.,The baker had 15 cakes to start with.,entailment
nluds-1854-nn,"Dave had 16 apps on his phone. After deleting some, he had 8 left.",Dave deleted 8 apps.,entailment
nluds-1855-nn,Isabel had 16 bottles of water. After a week she had 7 left.,Isabel drank 9 bottles of water.,entailment
nluds-1856-nn,A waiter had 18 customers. 6 left.,The waiter would still have 12 customers.,entailment
nluds-1857-nn,Megan had 17 bottles of water. She drank 3 of them.,Megan would have 14 bottles left.,entailment
nluds-1861-nn,Paige had 11 pencils. After using some she had 4 left.,Paige used 7 pencils.,entailment
nluds-1862-nn,Cody had a bag of marbles. Later he gave 5 to his brother. Now Cody has 7 marbles.,Cody had 12 marbles to start with.,entailment
nluds-1865-nn,Amy's hair was 11 inches long. After a haircut it was 7 inches long.,Amy cut off 4 inches.,entailment
nluds-1867-nn,A chef had 14 apples. He used 8 of them to make a pie.,A chef would still have 6 apples.,entailment
nluds-1868-nn,"For Halloween Will got 15 pounds of candy. After giving some to Haley, he had 9 pounds left.",Will gave 6 pounds to Haley.,entailment
nluds-1869-nn,Amy had 12 pencils. She used 4 of them.,Amy would have 8 pencils left.,entailment
nluds-1870-nn,Victor had 19 apps on his phone. He deleted 8 of them.,Victor has 11 apps left.,entailment
nluds-1872-nn,A package had 18 cookies in it. After eating some there were 9 left.,9 cookies were eaten.,entailment
nluds-1873-nn,A tape was 13 meters long. Haley used some to seal cartons. Now the tape is 6 meters long.,Haley used 7 meters of tape.,entailment
nluds-1876-nn,Ned gave away 13 of his video games to a friend. Now Ned has 6 games.,Ned had 19 games before he gave the games away.,entailment
nluds-1877-nn,For a party Cody bought 11 cupcakes. After the party he had 2 left.,9 cupcakes were eaten at the party.,entailment
nluds-1878-nn,Jerry had 11 cherries. He ate 8 of them.,Jerry has 3 cherries left.,entailment
nluds-1881-nn,Frank got 15 pounds of mushroom for family barbecue. They ate 8 pounds.,7 pounds were left.,entailment
nluds-1882-nn,"Adam put 18 items in the shopping cart. After deleting some, he had 8 left.",Adam deleted 10 items.,entailment
nluds-1886-nn,A clown had 16 balloons. He gave 4 away at a party.,A clown still has 12 balloons.,entailment
nluds-1888-nn,Debby owned 13 DVDs. She sold 6 of them.,Debby would have 7 DVDs left.,entailment
nluds-1889-nn,The host prepared 19 cakes for the party. After the party he had 9 left.,People ate 10 cakes at the party.,entailment
nluds-1890-nn,Frank had 13 boxes. He filled 8 with toys.,Frank still has 5 boxes.,entailment
nluds-1891-nn,Mike got 28 GB of space on his disk drive to backup his files. His files would take up 26 GB.,Mike would have 2 GB left.,entailment
nluds-1893-nn,"Olivia owned 93 pennies. After she bought an apple, she had 56 pennies left.",Olivia spent 37 pennies for the apple.,entailment
nluds-1894-nn,A farmer had 97 tomatoes from his garden. He picked 83 of them.,A farmer would have 14 tomatoes left.,entailment
nluds-1901-nn,While playing a game Kaleb had 98 lives. After losing some lives he had 73 left.,Kaleb lost 25 lives.,entailment
nluds-1905-nn,Gwen had 98 DS games. After she gave some to her friends she had 91 left.,Gwen gave away 7 games.,entailment
nluds-1906-nn,Billy had 74 cherries. He ate 72 of them.,Billy has 2 cherries left.,entailment
nluds-1907-nn,Adam had some quarters. He spent 9 of them at the arcade and had 79 left over.,Adam had 88 quarters to start with.,entailment
nluds-1908-nn,At a bus stop 47 people got off the bus. Now there were 43 people on the bus.,There were 90 people on the bus before.,entailment
nluds-1909-nn,"It takes Mike 98 minutes to walk to school. He rides a bicycle to school, it would save him 64 minutes.",Mike saved 34 minutes.,entailment
nluds-1910-nn,A farmer had 46 tomatoes from his garden. After picking some he had 3 left.,A farmer picked 43 tomatoes.,entailment
nluds-1912-nn,Jerry had caught some butterflies. He let 11 go and now he has 82 left.,Jerry originally had 93 butterflies.,entailment
nluds-1913-nn,A chef had 46 apples. After making some pies he had 14 left.,A chef used 32 apples.,entailment
nluds-1914-nn,"For Halloween Oliver got 78 pounds of candy. After giving some to Janet, he had 68 pounds left.",Oliver gave 10 pounds to Janet.,entailment
nluds-1915-nn,There were 58 people on the train. At the next stop 45 people got off.,There are 13 people on the train now.,entailment
nluds-1916-nn,A fast food restaurant had 99 hotdogs. After selling some they had 97 left.,They sold 2 hotdogs.,entailment
nluds-1917-nn,John bought some cupcakes for a party. During the party 11 were eaten. Now he has 21 left.,John got 32 cupcakes for the party.,entailment
nluds-1919-nn,There were 48 people on the train. After the first stop there were 31 people left.,17 people got off.,entailment
nluds-1920-nn,"Mike had 51 books, but he sold 45 at a garage sale.",Mike still has 6 books.,entailment
nluds-1921-nn,"A museum had 98 paintings. After they got rid of some, they had 95 left.",They got rid of 3 paintings.,entailment
nluds-1922-nn,"Jessie weighted 74 kilograms. After she started to go jogging everyday, now she weights 67 kilograms.",Jessie lost 7 kilograms of weight in the past.,entailment
nluds-1923-nn,At the arcade Billy had won 48 tickets. After buying a yoyo he had 32 tickets left.,The yoyo cost 16 tickets.,entailment
nluds-1924-nn,For a party Adam bought 97 cupcakes. 58 were eaten.,Adam would have 39 cupcakes left.,entailment
nluds-1925-nn,For a birthday party a clown gave away 6 balloons. Now he has 55 balloons left.,The clown had 61 balloons to start with.,entailment
nluds-1927-nn,"There were 94 dollars in Olivia's wallet. After she visited a supermarket, there were 78 dollars left.",Olivia spent 16 dollars.,entailment
nluds-1928-nn,Winnie completed 86 consecutive repetitions for rope jumping yesterday. Today she completed only seventy three.,Winnie fell behind 13 repetitions.,entailment
nluds-1929-nn,While playing a video game Ned lost 13 lives. Now he has 70 lives.,Ned had 83 lives at the start.,entailment
nluds-1930-nn,Will was picking up sticks from his yard. He picked up 38 but there were still 61 left.,There were 99 sticks in the yard to start with.,entailment
nluds-1931-nn,Gwen prepared 98 books to sell in the flea market. After the activity ended she had 96 books left.,Gwen sold 2 books.,entailment
nluds-1932-nn,A baker made 90 cakes. He sold 83 of them.,The baker would still have 7 cakes.,entailment
nluds-1933-nn,A chef had 77 cherries. He used 60 of them to make a pie.,A chef would still have 17 cherries.,entailment
nluds-1936-nn,Maria stored 93 cloves of garlic in the kitchen. She used 86 for roast chicken for dinner.,Maria has 7 cloves of garlic left.,entailment
nluds-1937-nn,A store has 35 shirts. They sold 30 of them.,They would have 5 shirts.,entailment
nluds-1938-nn,Paige used 3 of her pencils. Now she has 91 pencils.,Paige had 94 pencils to begin with.,entailment
nluds-1940-nn,"Adam picked 35 strawberries. After eating some, he had 33 left.",Adam ate 2 strawberries.,entailment
nluds-1941-nn,"Janet had 85 paper clips on the desk when she woke up in the morning. Before going to bed, she found there were 26 left.",Janet used 59 paper clips today.,entailment
nluds-1942-nn,At the zoo a cage had 68 snakes. 42 were hiding.,26 snakes were not hiding.,entailment
nluds-1943-nn,Olivia gave her cat 2 cheese cubes. Now Olivia has 98 cheese cubes left.,Olivia had 100 cheese cubes originally.,entailment
nluds-1944-nn,A clown had 82 balloons. After a party he had 16 left.,A clown used 66 balloons at the party.,entailment
nluds-1945-nn,A pet store had 85 gerbils. They sold 69 of them.,They would have 16 gerbils left.,entailment
nluds-2117-nn,A grocery store had 49 bottles of regular soda and 35 bottles of diet soda.,They had 84 bottles in total.,entailment
nluds-2118-nn,While playing a game Sam had 92 points. He scored another 3 points.,Sam would have 95 points in total.,entailment
nluds-2119-nn,In the first half of a trivia game Kaleb scored 43 points. In the second half he scored 23 points.,Kaleb scored 66 points in total.,entailment
nluds-2121-nn,For a party Henry spent 45 dollars on food and 33 dollars on drinks.,Henry spent 78 dollars in total.,entailment
nluds-2124-nn,Bianca spent 22 minutes drawing at school and 19 minutes drawing at home.,Bianca spent a total of 41 minutes drawing.,entailment
nluds-2125-nn,There were 61 people in line at lunch when 22 more got in line.,There were 83 people in line in total.,entailment
nluds-2126-nn,A fast food restaurant sold 58 small hotdogs and 21 large hotdogs.,They sold 79 hotdogs in total.,entailment
nluds-2128-nn,An aquarium had 10 fish in it. Later they added 3 fish.,There are 13 fish in the aquarium now.,entailment
nluds-2129-nn,Isabel had 68 pieces of candy. Her friend gave her 25 more pieces.,Isabel had a total of 93 pieces of candy.,entailment
nluds-2132-nn,Adam had 79 dollars saved up. After doing some chores his mother gave him another 13 dollars.,Adam has a total of 92 dollars.,entailment
nluds-2133-nn,Debby received 21 text messages before noon and another 18 after noon.,Debby received a total of 39 text messages.,entailment
nluds-2138-nn,At the zoo Zoe took 67 pictures. Her sister took another 17 pictures.,They took a total of 84 pictures.,entailment
nluds-2140-nn,Katie had 72 DS games and her friend had 23 games.,They have a total of 95 DS games.,entailment
nluds-2141-nn,Sam was playing basketball with his friend. Sam scored 75 points and his friend scored 12 points.,They scored a total of 87 points.,entailment
nluds-2142-nn,While exercising Paul did 59 push ups in the morning and 38 more in the afternoon.,Paul did a total of 97 push ups.,entailment
nluds-2144-nn,Haley watched TV for 6 hours on Saturday and 3 hours on Sunday.,Haley watched TV for a total of 9 hours.,entailment
nluds-2145-nn,Jerry walked 9 miles on Monday and 9 more on Tuesday.,Jerry walked a total of 18 miles.,entailment
nluds-2146-nn,Gwen had 10 fish and her sister had 5 fish.,They had a total of 15 fish.,entailment
nluds-2153-nn,John has 12 shirts. Later he bought 4 more shirts.,John has a total of 16 shirts.,entailment
nluds-2156-nn,Olivia picked up 16 pieces of paper from the floor. Edward picked up 3 pieces.,They picked up a total of 19 pieces of paper.,entailment
nluds-2157-nn,Victor had 9 books. During the book fair he bought 3 more.,Victor had a total of 12 books.,entailment
nluds-2158-nn,Katie had 12 pencils in her desk and 3 more in her backpack.,Katie had a total of 15 pencils.,entailment
nluds-2160-nn,At the fair Haley went on 6 rides in the day and 3 at night.,Haley went on a total of 9 rides.,entailment
nluds-2162-nn,Jerry owned 7 video games. For his birthday he got 2 more.,Jerry had a total of 9 games.,entailment
nluds-2163-nn,A clown gave away 11 balloons to girls and 3 balloons to boys.,A clown gave away a total of 14 balloons.,entailment
nluds-2164-nn,There were 10 people on the bus. At the next stop 3 more people got on the bus.,There are 13 people on the bus now.,entailment
nluds-2165-nn,Oliver collected 2 seashells from the beach on Monday and 2 more on Tuesday.,Oliver collected a total of 4 seashells.,entailment
nluds-2186-nn,Vanessa uploaded 23 pictures from her phone and 7 from her camera to Facebook. She sorted the pics into 5 different albums with the same amount of pics in each album.,Each of the albums had 6 pictures.,entailment
nluds-2187-nn,For a birthday party Cody bought 30 regular sodas and 5 diet sodas. His fridge would only hold 7 on each shelf.,Cody would fill up 5 shelves.,entailment
nluds-2188-nn,Paul made 44 dollars mowing lawns and 28 dollars weed eating. He only spent 9 dollar a week.,The money would last him 8 weeks.,entailment
nluds-2189-nn,The school's baseball team had 2 new players and 22 returning players. The coach put them into groups with 3 players in each group.,There would be 8 groups.,entailment
nluds-2191-nn,The school's debate team had 31 boys and 32 girls on it. They were split into groups of nine.,They could make 7 groups.,entailment
nluds-2192-nn,Chloe and her friends were recycling paper for their class. For every 6 pounds they recycled they earned 1 point. Chloe recycled 28 pounds and her friends recycled 2 pounds.,They earned 5 points.,entailment
nluds-2193-nn,A group of 9 friends went into a restaurant. The chef already had 2 chicken wings cooked but cooked 25 more for the group. They each got the same amount.,Each person would get 3 chicken wings.,entailment
nluds-2194-nn,A pet shelter had 23 puppies when another 2 were brought in. 5 puppies a day are adopted.,It would take 5 days for all of them to be adopted.,entailment
nluds-2196-nn,Dave was organizing his baseball cards in a binder with 8 on each page. He had 3 new cards and 13 old cards to put in the binder.,Dave would use 2 pages.,entailment
nluds-2198-nn,At a company picnic 3 managers and 3 employees decided to start a game of volleyball. They split into 3 teams.,Each team would have 2 people.,entailment
nluds-2200-nn,For homework Megan had 36 math problems and 28 spelling problems. She can finish 8 problems in an hour.,It would take her 8 hours to finish all the problems.,entailment
nluds-2201-nn,Gwen's class is going on a field trip to the zoo. Each van can hold 7 people and there are 33 students and 9 adults going.,They would need 6 vans.,entailment
nluds-2202-nn,For Halloween Isabel received 16 pieces of candy from neighbors and 5 pieces from her older sister. She only ate 3 pieces a day.,The candy would last her 7 days.,entailment
nluds-2204-nn,Chloe was making baggies of cookies with 7 cookies in each bag. She had 34 chocolate chip cookies and 29 oatmeal cookies.,Chloe could make 9 baggies.,entailment
nluds-2206-nn,Wendy was playing a video game where she scores 5 points for each treasure she finds. She found 4 treasures on the first level and 3 on the second.,Her score would be 35 points.,entailment
nluds-2208-nn,At Billy's Restaurant a group with 2 adults and 5 children came in to eat. Each meal cost 3 dollars.,The bill was 21 dollars.,entailment
nluds-2209-nn,"While playing a trivia game, Adam answered 5 questions correct in the first half and 5 questions correct in the second half. Each question was worth 5 points.",His final score was 50 points.,entailment
nluds-2210-nn,Haley's favorite band was holding a concert where tickets were 4 dollars each. Haley bought 3 tickets for herself and her friends and 5 extra tickets in case anyone else wanted to go.,Haley spent 32 dollars.,entailment
nluds-2212-nn,Victor and his friend were buying trick decks from the magic shop for 8 dollars each. Victor bought 6 decks and his friend bought 2 decks.,Victor and his friends spent 64 dollars.,entailment
nluds-2213-nn,Katie was selling her necklaces at a garage sale. She sold 4 bead necklaces and 3 gem stone necklaces. Each necklace cost 3 dollars.,Katie earned 21 dollars.,entailment
nluds-2214-nn,Tiffany had 6 pages of math homework and 4 pages of reading homework. Each page had 3 problems on it.,Tiffany had to complete 30 problems in total.,entailment
nluds-2215-nn,Zoe was unboxing some of her old winter clothes. She found 8 boxes of clothing and inside each box there were 4 scarves and 6 mittens.,Zoe had 80 pieces of winter clothing in total.,entailment
nluds-2217-nn,"While shopping for music online, Zoe bought 3 country albums and 5 pop albums. Each album came with a lyric sheet and had 3 songs.",Zoe bought 24 songs in total.,entailment
nluds-2218-nn,April's discount flowers was having a sale where each flower was 8 dollars. Vanessa bought 3 roses and 3 daisies.,Vanessa spent 48 dollars.,entailment
nluds-2219-nn,Rachel bought 7 new chairs and 3 new tables for her house. She spent 4 minutes on each piece furniture putting it together.,It took her 40 minutes to finish.,entailment
nluds-2220-nn,Kaleb was collecting cans for recycling. On Saturday he filled 5 bags up and on Sunday he filled 5 more bags. Each bag had 4 cans in it.,Kaleb picked up 40 cans in total.,entailment
nluds-2222-nn,Dave was working as a sacker at a grocery store where he made 6 dollars an hour. On Monday he worked 6 hours and on Tuesday he worked 2 hours.,Dave made 48 dollars in those 2 days.,entailment
nluds-2224-nn,Amy was planting vegetables in her garden. She started with 1 hundred 1 seeds and planted 47 of them in the big garden and in each of her small gardens put 6 seeds each.,Amy had 9 small gardens.,entailment
nluds-2229-nn,A pet store had 45 puppies. In 1 day they sold 39 of them and put the rest into cages with 2 in each cage.,They used 3 cages.,entailment
nluds-2230-nn,Faye picked 88 flowers for her friend's wedding. She was making bouquets with 5 flowers in each one. 48 of the flowers wilted before the wedding.,Faye could still make 8 bouquets.,entailment
nluds-2237-nn,Faye's team won their baseball game and scored 68 points total. Faye scored 28 of the points and everyone else scored 8 points each.,There were 5 players on her team.,entailment
nluds-2238-nn,"A company invited 68 people to a luncheon, but 50 of them didn't show up. The tables they had held 3 people each.",They need 6 tables.,entailment
nluds-2239-nn,For Halloween Bianca received 17 pieces of candy. She ate 2 pieces then placed the rest into piles with 3 in each pile.,Bianca could make 5 piles.,entailment
nluds-2240-nn,The cafeteria had 51 apples. For lunch they handed out 41 to students and decided to use the rest to make pies. Each pie takes 5 apples.,The students could make 2 pies.,entailment
nluds-2242-nn,There are 58 students trying out for the school's trivia teams. 28 of them didn't get picked for the team and the rest were put into 5 groups.,There would be 6 students in each group.,entailment
nluds-0009_input-nn,14 red plums and 4 green plums are in the basket.,There are 14 plums in the basket.,contradiction
nluds-0012_input-nn,5 red peaches and 14 green peaches are in the basket.,There are 14 peaches in the basket.,contradiction
nluds-0017_input-nn,Jake has 6 fewer peaches than Steven. Steven has 13 peaches.,Jake has 13 peaches.,contradiction
nluds-0020_input-nn,Brian has 0 fewer oranges than Marcie. Marcie has 12 oranges.,Brian has 12 oranges.,contradiction
nluds-0040_input-nn,Mrs. Hilt saw 3 bugs eat 2 flowers each.,The bugs ate 3 flowers in total.,contradiction
nluds-0130_input-nn,Each CD rack holds 8 CDs. A shelf can hold 4 racks.,There can be 8 CDs on the shelf in total.,contradiction
nluds-0476_input-nn,"Haley loves to collect things. This year, she decided to give away part of her collection as it was taking too much space in her room. 9 of her closest friends like stickers. Haley has 72 stickers. She plans to give all of them an equal number of stickers.",Each of Haley's friend will receive 72 stickers.,contradiction
nluds-0485_input-nn,Brenda's mother made cookies for five. She prepared 35 cookies and each of them had the same number of cookies.,They each have 35 cookies.,contradiction
nluds-0490_input-nn,"For dessert, Jane's mom prepared 12 pieces of bite size cinnamon swirls. The 3 of them ate an equal number of pieces of cinnamon swirls.",Jane ate 12 pieces.,contradiction
nluds-0540_input-nn,This year on your 11th birthday your mother tells you that she is exactly 3 times as old as you are.,She is 3 years old.,contradiction
nluds-0618_input-nn,6 students were sitting at each table in the lunchroom. There are 34 tables.,34 students were sitting in the lunchroom.,contradiction
nluds-0640_input-nn,Mrs. Hilt measured the distance from her desk to the water fountain. It was 30 feet. She goes to the water fountain 4 times today.,Mrs. Hilt will walk 30 feet on her trips to the fountain.,contradiction
nluds-0728_input-nn,"Kendra took a road trip. In the afternoon, she saw 4 minivans like hers. Later, in the evening, she saw 1 more minivan like hers.",Kendra saw 4 minivans like hers in all.,contradiction
nluds-2192_input-nn,Chloe and her friends were recycling paper for their class. For every 6 pounds they recycled they earned 1 point. Chloe recycled 28 pounds and her friends recycled 2 pounds.,They earned 1 points.,contradiction
nluds-0001_random-nn,7 red apples and 2 green apples are in the basket.,There are 8 apples in the basket.,contradiction
nluds-0003_random-nn,Janet has 9 oranges and Sharon has 7 oranges.,Janet and Sharon have 58 oranges together.,contradiction
nluds-0004_random-nn,Allan brought 2 balloons and Jake brought 4 balloons to the park.,Allan and Jake had 9 balloons in the park.,contradiction
nluds-0006_random-nn,Brian has 4 more plums than Paul. Paul has 7 plums.,Brian has 64 plums.,contradiction
nluds-0009_random-nn,14 red plums and 4 green plums are in the basket.,There are 49 plums in the basket.,contradiction
nluds-0015_random-nn,8 balls were in the basket. Some of the balls were removed from the basket. Now there are 6 balls.,1 balls were removed from the basket.,contradiction
nluds-0017_random-nn,Jake has 6 fewer peaches than Steven. Steven has 13 peaches.,Jake has 1 peaches.,contradiction
nluds-0018_random-nn,David has 0 fewer apples than Marin. Marin has 3 apples.,David has 7 apples.,contradiction
nluds-0020_random-nn,Brian has 0 fewer oranges than Marcie. Marcie has 12 oranges.,Brian has 6 oranges.,contradiction
nluds-0040_random-nn,Mrs. Hilt saw 3 bugs eat 2 flowers each.,The bugs ate 82 flowers in total.,contradiction
nluds-0069_random-nn,22 boys went down the slide. 13 more boys went down the slide.,73 boys went down the slide.,contradiction
nluds-0071_random-nn,30 dogs are barking. 10 more dogs start to bark.,30 dogs are barking.,contradiction
nluds-0072_random-nn,"Bobby ate 26 pieces of candy. Then, he ate 17 more.",Bobby ate 48 pieces of candy.,contradiction
nluds-0074_random-nn,The clown blew up 47 balloons. Then he blew up 13 more balloons.,The clown has 0 balloons now.,contradiction
nluds-0138_random-nn,Adolfo made a tower with 35 blocks. He added some more blocks and now he has 65 blocks.,Adolfo had to add 29 blocks.,contradiction
nluds-0476_random-nn,"Haley loves to collect things. This year, she decided to give away part of her collection as it was taking too much space in her room. 9 of her closest friends like stickers. Haley has 72 stickers. She plans to give all of them an equal number of stickers.",Each of Haley's friend will receive 69 stickers.,contradiction
nluds-0619_random-nn,Tyler had 15 dogs. Each dog had 5 puppies.,Tyler now has 74 puppies.,contradiction
nluds-0728_random-nn,"Kendra took a road trip. In the afternoon, she saw 4 minivans like hers. Later, in the evening, she saw 1 more minivan like hers.",Kendra saw 4 minivans like hers in all.,contradiction
nluds-1372_random-nn,There were 8 red roses and 2 white roses in the vase. Melanie cut some more roses from her flower garden. There are now 14 red roses in the vase.,Melanie cut 41 red roses.,contradiction
nluds-1374_random-nn,"Mike found 62 seashells on the beach, he gave Tom some of his seashells. He has 13 seashell left.",Mike gave 71 seashells to Tom.,contradiction
nluds-1556_random-nn,An industrial machine can make 3 hundred 61 crayons a day. Each box of crayons has 4 crayons in it.,The machine makes 85 full boxes a day.,contradiction
nluds-1721_random-nn,Mike played 6 games of basketball with his friends. Mike scored 4 points each game.,Mike scored 92 points in total.,contradiction
nluds-1723_random-nn,Adam had to wash 14 loads of clothes. By noon he had only washed 8 loads.,Adam still needs to wash 13 loads of clothes.,contradiction
nluds-1725_random-nn,At the state fair Paul bought 11 tickets. He spent 3 tickets on the Ferris wheel.,Paul had 10 tickets left.,contradiction
nluds-1726_random-nn,Cody had 9 old video games he wanted to get rid of. He gave his friend 4 of the games.,Cody still has 3 video games.,contradiction
nluds-1727_random-nn,Victor bought several boxes of books at a yard sale and ended up with 24 books total. Each box had 3 books.,Victor bought 3 boxes.,contradiction
nluds-1728_random-nn,Sam had 11 friends over for his birthday party. Later 3 of his friends had to go home.,There are 9 friends left.,contradiction
nluds-1729_random-nn,Paul was packing up his old toys. He managed to squeeze 8 toys into a box. Paul filled up 4 boxes.,Paul packed 33 toys in total.,contradiction
nluds-1732_random-nn,Adam could fit 9 action figures on each shelf in his room. His room has 3 shelves.,His shelves could hold a total of 94 action figures.,contradiction
nluds-1741_random-nn,Tiffany was collecting cans for recycling. On Monday she had 4 bags of cans. The next day she found 8 more bags worth.,Tiffany had 29 bags in total.,contradiction
nluds-1743_random-nn,Lana's mom was buying extra school supplies for her and her siblings. She bought 3 packs of glue sticks with 7 glue sticks in each pack.,Lana got 22 glue sticks in total.,contradiction
nluds-1744_random-nn,Maria was placing her spare change into stacks. Each stack had 3 coins. She had 5 stacks.,Maria has 82 coins.,contradiction
nluds-1746_random-nn,Dave was making ice using ice trays. He originally had 2 ice cubes. But made 7 more cubes.,Dave had 31 ice cubes in total.,contradiction
nluds-1747_random-nn,On the last day of school only 16 students showed up. 7 of them were checked out early.,15 students were left.,contradiction
nluds-1749_random-nn,Tom read 3 chapters of a book. Each chapter was 8 pages.,Tom read 5 pages.,contradiction
nluds-1752_random-nn,Vanessa bought 12 old CDs at a garage sale. 7 of the CDs were scratched up.,Vanessa bought 6 good CDs.,contradiction
nluds-1753_random-nn,Will went to the state fair and rode the Ferris wheel 13 times. He rode it 7 times during the day.,Will rode it 8 times at night.,contradiction
nluds-1761_random-nn,For Halloween Tom received 20 pieces of candy. He put them into piles with 5 in each pile.,Tom could make 1 piles.,contradiction
nluds-1768_random-nn,"A chef had 5 potatoes to make fries with, but he only used 3 of them.",A chef still has 50 potatoes.,contradiction
nluds-1841_random-nn,Paige raised 15 goldfish in the pond but stray cats loved eating them. Now she has 4 left.,82 goldfish disappeared.,contradiction
nluds-1851_random-nn,Ned ordered some pizzas for a party. During the party 4 were eaten. Now he has 7 left.,Ned ordered 12 pizzas for the party.,contradiction
nluds-1854_random-nn,"Dave had 16 apps on his phone. After deleting some, he had 8 left.",Dave deleted 7 apps.,contradiction
nluds-1856_random-nn,A waiter had 18 customers. 6 left.,The waiter would still have 80 customers.,contradiction
nluds-1857_random-nn,Megan had 17 bottles of water. She drank 3 of them.,Megan would have 13 bottles left.,contradiction
nluds-1859_random-nn,Maria took 16 fish out of her fish tank. Now there are 3 fish in the tank.,There were 27 fish in the tank to start with.,contradiction
nluds-1861_random-nn,Paige had 11 pencils. After using some she had 4 left.,Paige used 3 pencils.,contradiction
nluds-1862_random-nn,Cody had a bag of marbles. Later he gave 5 to his brother. Now Cody has 7 marbles.,Cody had 40 marbles to start with.,contradiction
nluds-1863_random-nn,A museum had 13 paintings. They got rid of 8 of them.,They would have 7 pictures left.,contradiction
nluds-1866_random-nn,Megan gave 7 acorns to her sister. Now Megan has 9 acorns left.,Megan had 0 acorns in the beginning.,contradiction
nluds-1868_random-nn,"For Halloween Will got 15 pounds of candy. After giving some to Haley, he had 9 pounds left.",Will gave 87 pounds to Haley.,contradiction
nluds-1873_random-nn,A tape was 13 meters long. Haley used some to seal cartons. Now the tape is 6 meters long.,Haley used 15 meters of tape.,contradiction
nluds-1874_random-nn,"A furniture store had 15 chairs. After selling some, there was 3 left.",They sold 48 chairs.,contradiction
nluds-1875_random-nn,Rachel took 2 dollars from her piggy bank. Now she has 3 dollars in her piggy bank.,"Originally, there was 4 dollars in there.",contradiction
nluds-1883_random-nn,Kaleb has 17 shirts. He got rid of 7 of them.,Kaleb would have 1 shirts.,contradiction
nluds-1887_random-nn,Haley grew 16 trees in her backyard. After a typhoon 5 died.,Haley has 12 trees left.,contradiction
nluds-1889_random-nn,The host prepared 19 cakes for the party. After the party he had 9 left.,People ate 85 cakes at the party.,contradiction
nluds-1892_random-nn,There are 98 cats in the little town. 92 of them are a asleep.,1 cats are still awake.,contradiction
nluds-1904_random-nn,At the arcade Dave spent 43 tickets on stuffed tiger. Then he had 55 left.,Dave had 47 tickets to start with.,contradiction
nluds-1906_random-nn,Billy had 74 cherries. He ate 72 of them.,Billy has 1 cherries left.,contradiction
nluds-1907_random-nn,Adam had some quarters. He spent 9 of them at the arcade and had 79 left over.,Adam had 87 quarters to start with.,contradiction
nluds-1908_random-nn,At a bus stop 47 people got off the bus. Now there were 43 people on the bus.,There were 98 people on the bus before.,contradiction
nluds-1910_random-nn,A farmer had 46 tomatoes from his garden. After picking some he had 3 left.,A farmer picked 52 tomatoes.,contradiction
nluds-1911_random-nn,Carol had 97 pieces of tissue paper. After blowing her nose she had 93 left.,Carol used 30 pieces of tissue paper.,contradiction
nluds-1916_random-nn,A fast food restaurant had 99 hotdogs. After selling some they had 97 left.,They sold 10 hotdogs.,contradiction
nluds-1917_random-nn,John bought some cupcakes for a party. During the party 11 were eaten. Now he has 21 left.,John got 48 cupcakes for the party.,contradiction
nluds-1921_random-nn,"A museum had 98 paintings. After they got rid of some, they had 95 left.",They got rid of 6 paintings.,contradiction
nluds-1925_random-nn,For a birthday party a clown gave away 6 balloons. Now he has 55 balloons left.,The clown had 71 balloons to start with.,contradiction
nluds-1927_random-nn,"There were 94 dollars in Olivia's wallet. After she visited a supermarket, there were 78 dollars left.",Olivia spent 2 dollars.,contradiction
nluds-1928_random-nn,Winnie completed 86 consecutive repetitions for rope jumping yesterday. Today she completed only seventy three.,Winnie fell behind 12 repetitions.,contradiction
nluds-1929_random-nn,While playing a video game Ned lost 13 lives. Now he has 70 lives.,Ned had 76 lives at the start.,contradiction
nluds-1932_random-nn,A baker made 90 cakes. He sold 83 of them.,The baker would still have 39 cakes.,contradiction
nluds-1933_random-nn,A chef had 77 cherries. He used 60 of them to make a pie.,A chef would still have 55 cherries.,contradiction
nluds-1935_random-nn,Isabel had 90 DS games. She gave 87 to her friend.,Isabel would have 12 DS games left.,contradiction
nluds-1937_random-nn,A store has 35 shirts. They sold 30 of them.,They would have 9 shirts.,contradiction
nluds-1938_random-nn,Paige used 3 of her pencils. Now she has 91 pencils.,Paige had 95 pencils to begin with.,contradiction
nluds-1939_random-nn,Gwen's hair was 28 centimeters long. After a haircut it was 17 centimeters long.,Gwen cut off 10 centimeters.,contradiction
nluds-1942_random-nn,At the zoo a cage had 68 snakes. 42 were hiding.,29 snakes were not hiding.,contradiction
nluds-2117_random-nn,A grocery store had 49 bottles of regular soda and 35 bottles of diet soda.,They had 85 bottles in total.,contradiction
nluds-2118_random-nn,While playing a game Sam had 92 points. He scored another 3 points.,Sam would have 85 points in total.,contradiction
nluds-2119_random-nn,In the first half of a trivia game Kaleb scored 43 points. In the second half he scored 23 points.,Kaleb scored 90 points in total.,contradiction
nluds-2123_random-nn,A store has 56 shirts. Later they got in 11 more shirts.,The store has 68 shirts now.,contradiction
nluds-2129_random-nn,Isabel had 68 pieces of candy. Her friend gave her 25 more pieces.,Isabel had a total of 66 pieces of candy.,contradiction
nluds-2133_random-nn,Debby received 21 text messages before noon and another 18 after noon.,Debby received a total of 1 text messages.,contradiction
nluds-2134_random-nn,At the fair Amy started with 33 tickets and then bought 21 more.,Amy had a total of 20 tickets.,contradiction
nluds-2137_random-nn,A pet store had 64 birds that talked and 13 that didn't.,The pet store had a total of 27 birds.,contradiction
nluds-2139_random-nn,At the arcade Henry had won 58 tickets. Later he won 40 more tickets.,Henry had a total of 5 tickets.,contradiction
nluds-2143_random-nn,A farmer planted 20 seeds on Wednesday and another 2 seeds on Thursday.,A farmer planted a total of 15 seeds.,contradiction
nluds-2144_random-nn,Haley watched TV for 6 hours on Saturday and 3 hours on Sunday.,Haley watched TV for a total of 36 hours.,contradiction
nluds-2148_random-nn,For Halloween Frank got 10 pounds of candy and Gwen got 7 pounds of candy.,The combined weight they received is 6 pounds.,contradiction
nluds-2154_random-nn,Robin drank 7 bottles of water in the morning and 7 in the afternoon.,Robin drank a total of 2 bottles.,contradiction
nluds-2156_random-nn,Olivia picked up 16 pieces of paper from the floor. Edward picked up 3 pieces.,They picked up a total of 3 pieces of paper.,contradiction
nluds-2158_random-nn,Katie had 12 pencils in her desk and 3 more in her backpack.,Katie had a total of 13 pencils.,contradiction
nluds-2160_random-nn,At the fair Haley went on 6 rides in the day and 3 at night.,Haley went on a total of 5 rides.,contradiction
nluds-2161_random-nn,Lana had 11 DS games. She bought 2 more games.,Lana would have a total of 99 DS games.,contradiction
nluds-2164_random-nn,There were 10 people on the bus. At the next stop 3 more people got on the bus.,There are 38 people on the bus now.,contradiction
nluds-2165_random-nn,Oliver collected 2 seashells from the beach on Monday and 2 more on Tuesday.,Oliver collected a total of 5 seashells.,contradiction
nluds-2186_random-nn,Vanessa uploaded 23 pictures from her phone and 7 from her camera to Facebook. She sorted the pics into 5 different albums with the same amount of pics in each album.,Each of the albums had 13 pictures.,contradiction
nluds-2187_random-nn,For a birthday party Cody bought 30 regular sodas and 5 diet sodas. His fridge would only hold 7 on each shelf.,Cody would fill up 76 shelves.,contradiction
nluds-2193_random-nn,A group of 9 friends went into a restaurant. The chef already had 2 chicken wings cooked but cooked 25 more for the group. They each got the same amount.,Each person would get 2 chicken wings.,contradiction
nluds-2199_random-nn,A vase can hold 9 flowers. You had 4 carnations and 23 roses.,You would need 37 vases to hold the flowers.,contradiction
nluds-2200_random-nn,For homework Megan had 36 math problems and 28 spelling problems. She can finish 8 problems in an hour.,It would take her 43 hours to finish all the problems.,contradiction
nluds-2201_random-nn,Gwen's class is going on a field trip to the zoo. Each van can hold 7 people and there are 33 students and 9 adults going.,They would need 47 vans.,contradiction
nluds-2202_random-nn,For Halloween Isabel received 16 pieces of candy from neighbors and 5 pieces from her older sister. She only ate 3 pieces a day.,The candy would last her 95 days.,contradiction
nluds-2205_random-nn,At the town carnival Billy rode the ferris wheel 7 times and the bumper cars 3 times. Each ride cost 5 tickets.,Billy used 49 tickets.,contradiction
nluds-2209_random-nn,"While playing a trivia game, Adam answered 5 questions correct in the first half and 5 questions correct in the second half. Each question was worth 5 points.",His final score was 51 points.,contradiction
nluds-2216_random-nn,Gwen was organizing her book case making sure each of the shelves had exactly 4 books on it. She had 5 shelves of mystery books and 3 shelves of picture books.,Gwen had 33 books in total.,contradiction
nluds-2220_random-nn,Kaleb was collecting cans for recycling. On Saturday he filled 5 bags up and on Sunday he filled 5 more bags. Each bag had 4 cans in it.,Kaleb picked up 41 cans in total.,contradiction
nluds-2226_random-nn,"Tom had 36 pieces of clothing to wash. He put 18 of them in 1 load, but decided to split the rest into 2 equal loads.",9 pieces of clothing could go in each of the small loads.,contradiction
nluds-2230_random-nn,Faye picked 88 flowers for her friend's wedding. She was making bouquets with 5 flowers in each one. 48 of the flowers wilted before the wedding.,Faye could still make 9 bouquets.,contradiction
nluds-2234_random-nn,Roger is at the library helping put away books. There are 54 book to put away total but a librarian takes 19 of them and leaves Roger with the rest. He can fit 5 books on a shelf.,Roger will need 20 shelves.,contradiction
nluds-2235_random-nn,Paige had 1 hundred 10 homework problems. She finished 47 of them but still had 7 pages of problems to do. Each page has the same number of problems on it.,There are 0 problems on each page.,contradiction
nluds-2236_random-nn,Paige uploaded 35 pictures to Facebook. She put 14 pics into 1 album and put the rest into 3 different albums.,There were 6 pictures in each of the 3 albums.,contradiction
nluds-2241_random-nn,Jerry was selling his old games. He started out with 68 but sold 4 of them. He packed the rest up putting 8 games into each box.,Jerry had to use 7 boxes.,contradiction
nluds-0001_ortho-nn,7 red apples and 2 green apples are in the basket.,There are 0.9 apples in the basket.,contradiction
nluds-0007_ortho-nn,Sandra took 6 cups of coffee and Marcie took 2 cups of coffee.,Sandra and Marcie took 80 cups of coffee in total.,contradiction
nluds-0009_ortho-nn,14 red plums and 4 green plums are in the basket.,There are 0.18 plums in the basket.,contradiction
nluds-0020_ortho-nn,Brian has 0 fewer oranges than Marcie. Marcie has 12 oranges.,Brian has 2 oranges.,contradiction
nluds-0072_ortho-nn,"Bobby ate 26 pieces of candy. Then, he ate 17 more.",Bobby ate 0.43 pieces of candy.,contradiction
nluds-0074_ortho-nn,The clown blew up 47 balloons. Then he blew up 13 more balloons.,The clown has 6 balloons now.,contradiction
nluds-0130_ortho-nn,Each CD rack holds 8 CDs. A shelf can hold 4 racks.,There can be 2 CDs on the shelf in total.,contradiction
nluds-0135_ortho-nn,Maria had 25 pieces of gum. Tommy gave her 16 more pieces. Luis gave her 20 more pieces.,Maria has 6 pieces of gum now.,contradiction
nluds-0485_ortho-nn,Brenda's mother made cookies for five. She prepared 35 cookies and each of them had the same number of cookies.,They each have 7 cookies.,contradiction
nluds-1365_ortho-nn,There are 38 dogwood trees currently in the park. Park workers will plant more dogwood trees today. When the workers are finished there will be 56 dogwood trees in the park.,The workers planted 0.18 dogwood trees today.,contradiction
nluds-1372_ortho-nn,There were 8 red roses and 2 white roses in the vase. Melanie cut some more roses from her flower garden. There are now 14 red roses in the vase.,Melanie cut 0.6 red roses.,contradiction
nluds-1374_ortho-nn,"Mike found 62 seashells on the beach, he gave Tom some of his seashells. He has 13 seashell left.",Mike gave 94 seashells to Tom.,contradiction
nluds-1381_ortho-nn,There are 33 rose bushes and 37 oak trees currently in the park. Park workers will plant more rose bushes today. When the workers are finished there will be 98 rose bushes in the park.,The workers planted 6.5 rose bushes today.,contradiction
nluds-1382_ortho-nn,Dan's high school played 18 baseball games this year and 2 were at night. The team won most of their games. They were defeated during 3 games.,They won 51 games.,contradiction
nluds-1718_ortho-nn,A mailman has to give 28 pieces of junk mail to each block. There are 4 houses on a block.,A mailman should give each house 70 pieces of junk mail.,contradiction
nluds-1719_ortho-nn,Billy bought 5 boxes of books at a yard sale. Each box had 7 books.,Billy bought 0.35 books.,contradiction
nluds-1723_ortho-nn,Adam had to wash 14 loads of clothes. By noon he had only washed 8 loads.,Adam still needs to wash 36 loads of clothes.,contradiction
nluds-1727_ortho-nn,Victor bought several boxes of books at a yard sale and ended up with 24 books total. Each box had 3 books.,Victor bought 88 boxes.,contradiction
nluds-1730_ortho-nn,Will was drawing super heroes on a sheet of scrap paper. He drew 2 heroes on the front and 7 heroes on the back.,Will drew 29 heroes in total.,contradiction
nluds-1733_ortho-nn,Ned mowed his lawn 6 times in the spring and 5 times in the summer.,Ned mowed a total of 1 times.,contradiction
nluds-1735_ortho-nn,Frank had 42 pieces of candy. He put them into bags with 7 pieces in each bag.,Frank would have 60 bags.,contradiction
nluds-1739_ortho-nn,Oliver bought 8 boxes of candy. Later he bought 6 more boxes.,Oliver had 41 boxes in total.,contradiction
nluds-1741_ortho-nn,Tiffany was collecting cans for recycling. On Monday she had 4 bags of cans. The next day she found 8 more bags worth.,Tiffany had 1 bags in total.,contradiction
nluds-1745_ortho-nn,A chef used 5 potatoes to make fries for the lunch crowd. Later he used another 2 potatoes for the dinner crowd.,A chef used a total of 70 potatoes.,contradiction
nluds-1763_ortho-nn,A delivery driver had to make 3 more stops on his route. At each stop he had to drop off 9 boxes.,A delivery driver has 72 boxes.,contradiction
nluds-1768_ortho-nn,"A chef had 5 potatoes to make fries with, but he only used 3 of them.",A chef still has 0.2 potatoes.,contradiction
nluds-1842_ortho-nn,Cody cooked 14 dumplings. He ate seven.,Cody has 47 dumplings now.,contradiction
nluds-1843_ortho-nn,Sarah could send 10 text messages a day. She sent eight.,Sarah has 62 text messages left she can send.,contradiction
nluds-1856_ortho-nn,A waiter had 18 customers. 6 left.,The waiter would still have 1 customers.,contradiction
nluds-1864_ortho-nn,A chef used 15 apples to make a pie. Now he has 4 apples left.,A chef had 19 apples before he made the pie.,contradiction
nluds-1869_ortho-nn,Amy had 12 pencils. She used 4 of them.,Amy would have 0.8 pencils left.,contradiction
nluds-1873_ortho-nn,A tape was 13 meters long. Haley used some to seal cartons. Now the tape is 6 meters long.,Haley used 0.7 meters of tape.,contradiction
nluds-1874_ortho-nn,"A furniture store had 15 chairs. After selling some, there was 3 left.",They sold 1 chairs.,contradiction
nluds-1875_ortho-nn,Rachel took 2 dollars from her piggy bank. Now she has 3 dollars in her piggy bank.,"Originally, there was 55 dollars in there.",contradiction
nluds-1878_ortho-nn,Jerry had 11 cherries. He ate 8 of them.,Jerry has 23 cherries left.,contradiction
nluds-1889_ortho-nn,The host prepared 19 cakes for the party. After the party he had 9 left.,People ate 1 cakes at the party.,contradiction
nluds-1890_ortho-nn,Frank had 13 boxes. He filled 8 with toys.,Frank still has 0.5 boxes.,contradiction
nluds-1892_ortho-nn,There are 98 cats in the little town. 92 of them are a asleep.,0.6 cats are still awake.,contradiction
nluds-1894_ortho-nn,A farmer had 97 tomatoes from his garden. He picked 83 of them.,A farmer would have 4 tomatoes left.,contradiction
nluds-1897_ortho-nn,Paul had 86 books. After selling some in a garage sale he had 78 left.,Paul sold 88 books.,contradiction
nluds-1905_ortho-nn,Gwen had 98 DS games. After she gave some to her friends she had 91 left.,Gwen gave away 57 games.,contradiction
nluds-1913_ortho-nn,A chef had 46 apples. After making some pies he had 14 left.,A chef used 0.32 apples.,contradiction
nluds-1924_ortho-nn,For a party Adam bought 97 cupcakes. 58 were eaten.,Adam would have 3.9 cupcakes left.,contradiction
nluds-1927_ortho-nn,"There were 94 dollars in Olivia's wallet. After she visited a supermarket, there were 78 dollars left.",Olivia spent 6 dollars.,contradiction
nluds-1933_ortho-nn,A chef had 77 cherries. He used 60 of them to make a pie.,A chef would still have 1 cherries.,contradiction
nluds-1934_ortho-nn,Carol had 81 pieces of paper in her folder. After a week she had 38 left.,Carol used 34 pieces in the week.,contradiction
nluds-1935_ortho-nn,Isabel had 90 DS games. She gave 87 to her friend.,Isabel would have 53 DS games left.,contradiction
nluds-1937_ortho-nn,A store has 35 shirts. They sold 30 of them.,They would have 65 shirts.,contradiction
nluds-1940_ortho-nn,"Adam picked 35 strawberries. After eating some, he had 33 left.",Adam ate 12 strawberries.,contradiction
nluds-2121_ortho-nn,For a party Henry spent 45 dollars on food and 33 dollars on drinks.,Henry spent 0.78 dollars in total.,contradiction
nluds-2122_ortho-nn,A restaurant sold 77 sodas in the morning and 19 in the afternoon.,They sold 96 sodas in total.,contradiction
nluds-2123_ortho-nn,A store has 56 shirts. Later they got in 11 more shirts.,The store has 76 shirts now.,contradiction
nluds-2125_ortho-nn,There were 61 people in line at lunch when 22 more got in line.,There were 38 people in line in total.,contradiction
nluds-2129_ortho-nn,Isabel had 68 pieces of candy. Her friend gave her 25 more pieces.,Isabel had a total of 39 pieces of candy.,contradiction
nluds-2141_ortho-nn,Sam was playing basketball with his friend. Sam scored 75 points and his friend scored 12 points.,They scored a total of 8 points.,contradiction
nluds-2186_ortho-nn,Vanessa uploaded 23 pictures from her phone and 7 from her camera to Facebook. She sorted the pics into 5 different albums with the same amount of pics in each album.,Each of the albums had 36 pictures.,contradiction
nluds-2191_ortho-nn,The school's debate team had 31 boys and 32 girls on it. They were split into groups of nine.,They could make 0.7 groups.,contradiction
nluds-2197_ortho-nn,"Ned was helping the cafeteria workers pick up lunch trays, but he could only carry 8 trays at a time. He had to pick up 27 trays from 1 table and 5 trays from another.",Ned would make 0.4 trips.,contradiction
nluds-2202_ortho-nn,For Halloween Isabel received 16 pieces of candy from neighbors and 5 pieces from her older sister. She only ate 3 pieces a day.,The candy would last her 17 days.,contradiction
nluds-2210_ortho-nn,Haley's favorite band was holding a concert where tickets were 4 dollars each. Haley bought 3 tickets for herself and her friends and 5 extra tickets in case anyone else wanted to go.,Haley spent 23 dollars.,contradiction
nluds-2212_ortho-nn,Victor and his friend were buying trick decks from the magic shop for 8 dollars each. Victor bought 6 decks and his friend bought 2 decks.,Victor and his friends spent 0.64 dollars.,contradiction
nluds-2218_ortho-nn,April's discount flowers was having a sale where each flower was 8 dollars. Vanessa bought 3 roses and 3 daisies.,Vanessa spent 0.48 dollars.,contradiction
nluds-2229_ortho-nn,A pet store had 45 puppies. In 1 day they sold 39 of them and put the rest into cages with 2 in each cage.,They used 33 cages.,contradiction
nluds-2230_ortho-nn,Faye picked 88 flowers for her friend's wedding. She was making bouquets with 5 flowers in each one. 48 of the flowers wilted before the wedding.,Faye could still make 38 bouquets.,contradiction
nluds-2236_ortho-nn,Paige uploaded 35 pictures to Facebook. She put 14 pics into 1 album and put the rest into 3 different albums.,There were 70 pictures in each of the 3 albums.,contradiction
nluds-0476_ortho-nn,"Haley loves to collect things. This year, she decided to give away part of her collection as it was taking too much space in her room. 9 of her closest friends like stickers. Haley has 72 stickers. She plans to give all of them an equal number of stickers.",Each of Haley's friend will receive 800 stickers.,contradiction
nluds-1722_ortho-nn,Emily was selling some of her old toys at a garage sale. She started out with 7 toys and sold 3 of them.,Emily has 4000 toys left.,contradiction
nluds-1751_ortho-nn,The roller coaster at the state fair costs 5 tickets per ride. You had 10 tickets.,You can ride it 200 times.,contradiction
nluds-1848_ortho-nn,"There were 9 kinds of sandwiches on the menu. Unfortunately, 5 of them had been sold out.",They actually provide 400 sandwiches now.,contradiction
nluds-1850_ortho-nn,The book fair sold 4 posters. Now they have 2 posters left.,There were 600 posters to start with.,contradiction
nluds-1888_ortho-nn,Debby owned 13 DVDs. She sold 6 of them.,Debby would have 700 DVDs left.,contradiction
nluds-2194_ortho-nn,A pet shelter had 23 puppies when another 2 were brought in. 5 puppies a day are adopted.,It would take 500 days for all of them to be adopted.,contradiction
nluds-2227_ortho-nn,Nancy had 43 files on her computer. She deleted 31 of them and put the rest into folders with 6 files in each one.,Nancy ended up with 2000 folders.,contradiction
neutral_cc-376_varx-nn,Sarah's old washing machine could only wash 5 pieces of clothing at a time. She had to wash more than 43 shirts and more than 2 sweaters.,Sarah would have to do 2 loads.,neutral
neutral_cc-366_varx-nn,Paul made 3 dollars mowing lawns and 3 dollars weed eating every week. He only spent 3 dollar a week.,The money would last Paul 3 weeks.,neutral
neutral_cc-260-nn,April's discount flowers was having a sale where each flower was 6 dollars. Katie bought more than 5 roses and more than 5 daisies.,April spent 60 dollars.,neutral
neutral_cc-220-nn,Faye was playing a video game where she scores 7 points for each treasure she finds. She found 2 treasures on the first level and 6 on the second and serveral on the third.,Faye's score would be 56 points.,neutral
neutral_cc-488-nn,There were 13 friends playing a video game online when 8 players quit. Each player left had more than 6 lives.,The players had a total of 30 lives.,neutral
neutral_gen_100_varx-nn,Rachel has 52 apple trees. She picked 2 apples from 1 of her trees. Now this tree has 7 apples still on it.,Rachel has 52 apples in all of his trees.,neutral
neutral_cc-597-nn,The cafeteria had 75 apples. For lunch they handed out some to students and decided to use the rest to make pies. Each pie takes 7 or 8 apples depends on size.,The cafetaria could make 7 pies.,neutral
neutral_gen_38-nn,Paige had more than 11 songs on her music player. She deleted less than 9 old songs from it and then added more than 8 new songs.,She has 10 songs on her music player.,neutral
neutral_gen_67-nn,For the school bake sale Chloe made more than 28 cupcakes. She sold 25 of them and then made 8 more.,She would have 11 cupcakes.,neutral
neutral_gen_74-nn,Vanessa had 13 music files and 30 video files on her flash drive. She deleted 10 of the files.,There were 33 music files still on her flash drive.,neutral
neutral_gen_44_varx-nn,At the arcade Dave won more than 11 tickets. He spent 5 tickets on a beanie and later won 10 more tickets.,He would have 11 items.,neutral
neutral_chal-965_varx-nn,There are more than 2 baskets of peaches. Each basket has 4 red peaches and some more green peaches. If there are a total of 12 peaches in all baskets,There are 4 green peaches in each basket.,neutral
neutral_chal-877-nn,Rebecca wants to split a collection of marbles into groups of 4. Rebecca has 10 eggs and more than 20 marbles.,5 groups will be created.,neutral
neutral_cc-046_varx-nn,Dave had to wash 9 short sleeve shirts and 27 long sleeve shirts before school. He had only washed at least 20 of them by the time school started.,Dave did not wash 20 sleeve shirt.,neutral
neutral_gen_62_varx-nn,A pet store had 12 siamese cats and 20 house cats. During a sale they sold 20 cats.,They have 20 house cats left.,neutral
neutral_gen_70_varx-nn,For the school bake sale Katie made more than 26 cupcakes. She sold 20 of them and then made 20 more.,She would have 26 cupcakes.,neutral
neutral_chal-214-nn,There were 12 roses and some orchids in the vase. Jessica cut some more roses and orchids from her flower garden. There are now 10 roses and 21 orchids in the vase.,Jessica has cut 19 orchids.,neutral
neutral_gen_68-nn,A store had more than 40 oranges in a bin. They threw away 25 of the old ones and put 21 new ones in the bin.,There would be 36 items in the bin.,neutral
neutral_cc-120_varx-nn,A waiter had at least 14 customers to wait on. At most 3 customers left and he got another 39 customers.,The waiter would have 39 customers.,neutral
neutral_gen_05_varx-nn,In fourth grade there were more than 4 students at the start of the year. During the year 3 students left and 42 new students came to school.,There were 3 students in the fourth grade at the end.,neutral
neutral_gen_87-nn,There were 39 girls and more than 4 boys trying out for the schools basketball team. Only 43 of them got called back.,17 students didn't make the cut.,neutral
neutral_chal-111_varx-nn,You had 26 bags with different number of cookies. If you had 15 candies and 52 cookies in total,Each bag has 52 cookies.,neutral
neutral_chal-249-nn,"A grocery store had 72 barrels of regular soda, 32 cups of diet soda and 78 apples.",They had 26 more bottles than apples.,neutral
neutral_chal-328_varx-nn,Luke played a trivia game and gained 3 points in each round of a game. He would lose 4 points if he lost the game. If he scored 78 points in the trivia game,Luke played 3 rounds.,neutral
neutral_gen_18-nn,A waiter had 8 customers. After some left he still had 5 customers. Then he got more than 99 new customers.,The waiter had 3 customers.,neutral
neutral_chal-858-nn,33 campers went rowing in the morning and 10 campers went rowing in the evening.,24 more campers went rowing in the afternoon than in the evening.,neutral
neutral_chal-491-nn,Haley grew 20 trees in her backyard. After a typhoon more than 3 trees were left.,16 trees died in the typhoon.,neutral
neutral_chal-141-nn,23 children were riding on the bus. At the bus stop some children got on the bus while some got off the bus. Then there were 8 children altogether on the bus.,15 more children got off the bus than those who got on.,neutral
neutral_cc-148-nn,At the arcade Victor won 46 tickets. He spent some tickets on a beanie and later won 39 more tickets.,At would have 58 of them.,neutral
neutral_cc-245-nn,Chloe was organizing her book case making sure each of the shelves had books on it. She had 5 shelves of mystery books and 4 shelves of picture books.,Chloe had a total of 54 books.,neutral
neutral_cc-278-nn,Chloe was playing a video game where she scores different points for each treasure she finds. She found 6 treasures on the first level and 3 on the second.,Chloe's score would be 81 points.,neutral
neutral_chal-599-nn,Ed had more marbles than Doug. Doug lost 11 of his marbles at the playground. If Ed had 45 marbles,Ed had 21 more marbles than Doug then.,neutral
neutral_cc-194-nn,Haley picked 28 carrots from her garden. She threw out several of them and then picked 9 more the next day.,Haley would have a total of 26 carrots.,neutral
neutral_chal-510-nn,Marco and his dad went strawberry picking. Marco's strawberries weighed nearly 15 pounds. If together their strawberries weighed more than 37 pounds.,His dad's strawberries weigh 22 pounds.,neutral
neutral_chal-341-nn,Jack received 13 emails in the afternoon and morning and 16 emails in the evening.,Jack received 2 more emails in the morning than in the afternoon.,neutral
neutral_cc-158-nn,Janet was playing a video game and had 38 lives. In a hard part of the game she lost 16 lives. She got more lives in the next level.,Janet would have 54 lives.,neutral
neutral_chal-518-nn,Jessie was overweight. After she started to go jogging everyday she lost 50 kilograms in the first week and 60 kilograms in the second week.,Jessie weighs 4 kilograms now.,neutral
neutral_cc-280-nn,Lana was unboxing some of her old winter clothes. She found 3 boxes of clothing and inside each box there were totally 7 scarves and mittens altogether.,Lana had a total of 21 pieces of winter clothing.,neutral
neutral_cc-555-nn,"Megan baked 71 cupcakes for her school's bake sale. Her brother, Todd, ate 43 of them. She put several cupcake in each package?.",Megan could make 4 packages.,neutral
neutral_cc-425-nn,"Mike invited 13 friends to a birthday party, but 7 couldn't come. He wanted to buy enough cupcakes so each person could have exactly cake number with Mike.",Mike should buy 24 of them.,neutral
neutral_chal-207-nn,"Rachel had to complete pages of math homework, 7 pages of reading homework and 3 more pages of biology homework.",Rachel had to complete 11 pages of math and biology homework.,neutral
neutral_cc-585-nn,Roger is at the library helping put away books. There are 14 books to put away total but a librarian takes 2 of them and leaves Roger with the rest. He can fit books on a shelf.,Roger will need 4 shelves.,neutral
neutral_cc-564-nn,A pet store had lots of puppies. In 1 day they sold 21 of them and put the rest into cages with 9 in each cage.,The pet store used 9 cages.,neutral
neutral_chal-814-nn,A book has 2 chapters. The first chapter is 60 pages long.,The second chapter has 33 pages.,neutral
neutral_chal-743-nn,Rachel picked 7 apples from her tree. Thereafter 2 new apples grew on the tree.,The tree initially had 11 apples.,neutral
neutral_cc-419-nn,A painter needed to paint 12 rooms in a building. He already painted 5 rooms.,The waiter will take 49 more hours to paint the rest.,neutral
neutral_chal-482-nn,After resting they decided to go for a swim. The depth of the water is 5 times Ron's height. Dean is 11 feet shorter than Ron.,The water is 60 feet deep.,neutral
neutral_chal-940-nn,There were roses and orchids in the vase. Jessica cut some more roses and orchids from her flower garden. There are now less than 12 roses and 2 orchids in the vase.,There are 10 more roses than orchids in the vase now.,neutral
neutral_cc-568-nn,Sarah had 55 homework problems. She finished some of them but still had 7 pages of problems to do. Each page has the same number of problems on it.,There are 7 problems on each page.,neutral
neutral_chal-688-nn,3 birds were sitting on the fence. 2 more birds and some storks came to join them.,There is 1 more stork than birds sitting on the fence.,neutral
neutral_chal-600-nn,Carol was sending out birthday invitations to her friends. Each package of invitations she bought had several invitations in it and she bought 7 packs. If she sends invitations to only 2 friends,There will be 68 invitations left.,neutral
neutral_cc-289-nn,Tom was putting his spare change into piles. He had 2 piles of quarters and 4 piles of dimes. Each pile had several coins in it.,Tom had a total of 30 coins.,neutral
neutral_nluds-0898-nn,Suzanne read the first 15 pages of her book on Monday. She read 16 more pages than that on Tuesday. Then there were some pages left.,There are 64 pages in Suzanne's book altogether.,neutral
neutral_chal-858_varx-nn,33 campers went rowing in the morning and 10 campers went rowing in the evening.,10 more campers went rowing in the afternoon than in the evening.,neutral
neutral_chal-141_varx-nn,23 children were riding on the bus. At the bus stop some children got on the bus while some got off the bus. Then there were 8 children altogether on the bus.,23 more children got off the bus than those who got on.,neutral
neutral_chal-966_varx-nn,"A chef had apples and 54 peaches. After making some pies, he had 39 apples left.",A chef used 40 apple.,neutral
neutral_cc-148_varx-nn,At the arcade Victor won 46 tickets. He spent some tickets on a beanie and later won 39 more tickets.,At would have 27 of them.,neutral
neutral_cc-341_varx-nn,A group of friends went into a restaurant. The chef already had 6 chicken wings cooked but cooked 3 more for the group. They each got the same amount.,Each person would get 6 of them.,neutral
neutral_chal-785_varx-nn,Ed had more marbles than Doug. Doug lost 27 of his marbles at the playground while Ed found 9 more marbles.,Ed had 27 more marbles than Doug then.,neutral
neutral_cc-181_varx-nn,Emily was playing a video game and had 42 lives. In a hard part of the game she lost 25 lives. She got more lives in the next level.,Emily would have 24 lives.,neutral
neutral_cc-194_varx-nn,Haley picked 28 carrots from her garden. She threw out several of them and then picked 9 more the next day.,Haley would have a total of 9 carrots.,neutral
neutral_cc-400_varx-nn,A new building needed 14 windows. The builder had already installed 5 of them.,It will take the builder 4 hours to install the rest.,neutral
neutral_chal-634_varx-nn,Jake has 13 fewer peaches and 3 more apples than Steven. Steven has peaches and apples.,Jake has 3 apples.,neutral
neutral_chal-240_varx-nn,Zachary did 51 push ups in gym class today. John did 4 push ups less than David.,John did 51 push ups.,neutral
neutral_chal-947_varx-nn,Josh had 15 marbles in his collection. He found 9 marbles while he lost a few marbles.,Josh lost 15 more marbles than those he found.,neutral
neutral_cc-409_varx-nn,A box had 7 bars total and Olivia sold all but 4 bars.,Olivia would have made 3 dollars.,neutral
neutral_chal-360_varx-nn,Jake has 9 fewer peaches than Steven. Steven has 16 peaches.,Steven has 9 more peaches than Jill.,neutral
neutral_cc-564_varx-nn,A pet store had lots of puppies. In 1 day they sold 21 of them and put the rest into cages with 9 in each cage.,The pet store used 9 cages.,neutral
neutral_cc-584_varx-nn,A store had 48 coloring books in stock. They ended up putting them on sale and getting rid of several of them. The put the ones they still had onto shelves with 5 on each shelf.,The store used 5 shelves.,neutral
neutral_chal-743_varx-nn,Rachel picked 7 apples from her tree. Thereafter 2 new apples grew on the tree.,The tree initially had 7 apples.,neutral
neutral_chal-835_varx-nn,There were people on the bus at first. At the next stop 4 more people got on the bus. Each bus can not have more than 36 people.,There are 4 people on the bus now.,neutral
neutral_cc-507_varx-nn,Isabel had 72 homework problems. She finished some of them but still had 5 pages of problems to do. Each page has the same number of problems on it.,There are 5 problems on each page.,neutral
neutral_cc-554_varx-nn,Katie's team won their dodgeball game. Katie scored 4 of the points and everyone else scored 4 points each.,There were 4 players on Katie team.,neutral
neutral_cc-184_varx-nn,At the fair there were several people in line for the bumper cars. 25 of them got tired of waiting and left and 25 more got in line.,There would be 25 people in line.,neutral
neutral_chal-776_varx-nn,He then went to see the oranges being harvested. He found out that they harvest 67 sacks per day and that each sack containes at least 13 oranges.,They harvest a total of 35 oranges.,neutral
neutral_chal-246_varx-nn,They decided to hold the party in their backyard. They have 12 sets of tables and each set has at most 14 chairs. There are also some chairs extra.,They have 6 chairs for the guests.,neutral
neutral_chal-193_varx-nn,They decided to hold the party in their backyard. They have 4 sets of tables and each set has 3 chairs. If several people will attend the party,They will have to buy 14 more chairs.,neutral
neutral_cc-408_varx-nn,"Wendy earned 5 points for each bag of cans she recycled. She had 11 bags, but didn't recycle some of them.",Wendy would have earned 5 points.,neutral
neutral_cc-312_varx-nn,A vase can hold flowers. You had 7 carnations and 47 roses.,You would need 47 vases to hold the flowers.,neutral
neutral_gen_02-nn,Josh had 20 marbles in his collection. Jack also has some marbles collection. Josh gave 2 marbles to Jack.,Jack has 18 marbles now.,neutral
neutral_gen_13-nn,Rachel was playing a video game where she scores different points for each treasure she finds. She found roughly 5 treasures on the first level and 2 on the second.,Her score would be 63.,neutral
neutral_gen_32-nn,John had 12 dollars. He spent 8 bucks on a new game.,He could buy 2 toys with the money he had left.,neutral
neutral_gen_33-nn,John had 10 video games but 8 of them weren't working. He wanted to sell the working games for some money each.,He could earn 12 dollars.,neutral
neutral_gen_42-nn,Gwen bought 2 coloring books. 1 had 10 pictures the other was unknown. After 1 week she had already colored 13 of the pictures.,She still has to color 36 pictures.,neutral
neutral_gen_52-nn,Jesse's room is 7 feet long. If she needs a carpet of size 14 square feet.,She needs 2 carpets to cover the whole room.,neutral
neutral_gen_61-nn,Olivia and her mom were picking carrots from their garden. Olivia picked 20 and her mother picked 14. Only some of the carrots were good.,They had 15 bad carrots.,neutral
neutral_gen_95-nn,Wendy was playing a video game and had 43 lives. In a hard part of the game she lost 8 lives. She got more lives in the next level.,She would have 74 lives.,neutral
neutral_gen_111-nn,36 children were riding on the bus. At the bus stop 68 children got off the bus while some more got on the bus.,24 more children got off the bus than those that got on.,neutral
neutral_gen_113-nn,There were some girls and 32 boys trying out for the schools basketball team. Only 10 of them got called back.,39 girl students didn't make the cut.,neutral
neutral_gen_125-nn,Haley and her friends were recycling paper for their class. For every 3 pounds they recycled they earned 1 point. Haley and her friends recycled totally 99 pounds.,Haley earned 9 points.,neutral
neutral_gen_129-nn,Tom had 41 cookies. He gave a lot cookies to his friend and ate 18 cookies.,He ate 9 more cookies than those he gave to his friend.,neutral
neutral_gen_132-nn,Mike made 42 dollars mowing lawns over the summer. He spent 10 dollars buying new mower blades.,He could buy 4 games with the money he had left.,neutral
neutral_gen_137-nn,Edward made 37 dollars mowing lawns over the summer. He spent 21 dollars buying new mower blades.,He could buy 8 games with the money he had left.,neutral
neutral_gen_138-nn,Mike made 69 dollars mowing lawns over the summer. He spent 24 dollars buying new mower blades.,He could buy 9 games with the money he had left.,neutral
neutral_gen_144-nn,Paige and her friends were recycling paper for their class. For every 4 pounds they recycled they earned 1 point. Paige and her friends totally recycled 12 pounds.,Her friends earned 4 points.,neutral
neutral_gen_145-nn,Marco and his dad went strawberry picking. Together they collected strawberries that weighed 36 pounds. On the way back Marco ' dad lost 8 pounds of strawberries.,His dad's strawberries weigh 16 units now.,neutral
neutral_gen_157-nn,"The grasshopper, the frog and the mouse had a jumping contest. The grasshopper jumped 21 inches. The mouse jumped 16 inches lesser than the frog.",The grasshopper jumped 41 units farther than the mouse.,neutral
neutral_gen_01_varx-nn,Maria bought 2 new chairs and 2 new tables for her house. She putting it together.,It took her 2 minutes to finish.,neutral
neutral_gen_16_varx-nn,Paige had lots of songs on her music player. She deleted 5 old songs from it and then added 30 new songs.,She has 5 songs on her music player.,neutral
neutral_gen_72_varx-nn,He then went to see the oranges being harvested. He found out that they harvest 66 sacks per day. Each sack contains more than 28 oranges,They harvest 28 oranges per day.,neutral
